<?xml version="1.0" encoding="UTF-8"?>
<project-private xmlns="http://www.netbeans.org/ns/project-private/1">
    <editor-bookmarks xmlns="http://www.netbeans.org/ns/editor-bookmarks/2" lastBookmarkId="0"/>
    <open-files xmlns="http://www.netbeans.org/ns/projectui-open-files/2">
        <group>
            <file>file:/C:/College/Lab10/src/lab10/Lab10.java</file>
            <file>file:/C:/College/Lab10/src/lab10/IntArrayQueue.java</file>
        </group>
    </open-files>
</project-private>
