<?xml version="1.0" encoding="UTF-8"?>
<project-private xmlns="http://www.netbeans.org/ns/project-private/1">
    <editor-bookmarks xmlns="http://www.netbeans.org/ns/editor-bookmarks/2" lastBookmarkId="0"/>
    <open-files xmlns="http://www.netbeans.org/ns/projectui-open-files/2">
        <group>
            <file>file:/F:/NetBeansProjects/Lab3/src/lab3/Pentagon.java</file>
            <file>file:/F:/NetBeansProjects/Lab3/src/lab3/RegularPolygon.java</file>
            <file>file:/F:/NetBeansProjects/Lab3/src/lab3/EqTriangle.java</file>
            <file>file:/F:/NetBeansProjects/Lab3/src/lab3/Hexagon.java</file>
            <file>file:/F:/NetBeansProjects/Lab3/src/lab3/Square.java</file>
            <file>file:/F:/NetBeansProjects/Lab3/src/lab3/Lab3.java</file>
        </group>
    </open-files>
</project-private>
